Predictor,Variable Code,N,Test,Statistic,P-value,Effect Size,OR (95% CI)
Formula intake at discharge (cc),taburculuktamamamiktari,1064,Kruskal-Wallis,747.21,<0.001***,ε²=0.703,—
Breast milk present at discharge,taburculukta_annesutu_111,1064,Chi-square,742.96,<0.001***,Cramér's V=0.836,158.60 (9.67-2602.24)
Breast milk at discharge (binary),Ataburculuktaannesutu,1063,Chi-square,717.03,<0.001***,Cramér's V=0.821,77.87 (10.57-573.70)
Feeding route at discharge,taburculuktanasılbeslenmeyolu,1064,Chi-square,468.43,<0.001***,Cramér's V=0.469,nan (nan-nan)
Breastfeeding at discharge,emzirme_Taburculuk,1063,Chi-square,281.63,<0.001***,Cramér's V=0.515,12.92 (8.79-19.00)
Formula intake on Day 3 (cc),aldıgımamamiktari3.gun,1061,Kruskal-Wallis,230.36,<0.001***,ε²=0.217,—
Formula intake on Day 2 (cc),beslenmemamamiktarı2.guncc,1064,Kruskal-Wallis,213.15,<0.001***,ε²=0.201,—
COVID-19 Period,covid19sonrasi,1064,Chi-square,203.67,<0.001***,Cramér's V=0.438,0.12 (0.09-0.16)
Epoch (COVID × BFHI),ikisiarası,1064,Chi-square,203.36,<0.001***,Cramér's V=0.309,nan (nan-nan)
Lactation education status,annesutuemzirmeeğitimidurumu,1064,Chi-square,169.49,<0.001***,Cramér's V=0.399,6.25 (4.67-8.38)
Formula intake on Day 1 (cc),aldığımamamiktari1.gün,1064,Kruskal-Wallis,163.94,<0.001***,ε²=0.154,—
Feeding route on Day 3,verilisyolu3gun,1061,Chi-square,142.38,<0.001***,Cramér's V=0.259,nan (nan-nan)
Feeding route on Day 2,verilisyolu2.gun,1064,Chi-square,123.34,<0.001***,Cramér's V=0.241,nan (nan-nan)
Breast milk ratio on Day 1,eng_bm_ratio_d1,1064,Kruskal-Wallis,85.53,<0.001***,ε²=0.080,—
Breast milk ratio on Day 3,eng_bm_ratio_d3,1064,Kruskal-Wallis,80.52,<0.001***,ε²=0.076,—
Place of birth,dogumyeri,1064,Chi-square,84.15,<0.001***,Cramér's V=0.199,nan (nan-nan)
Initial feeding route on Day 1,beslenmeninilkgunuverilisyolu,1064,Chi-square,90.34,<0.001***,Cramér's V=0.206,nan (nan-nan)
Breast milk ratio on Day 2,eng_bm_ratio_d2,1064,Kruskal-Wallis,60.55,<0.001***,ε²=0.057,—
Colostrum present,Kolostrumvarligi,1064,Chi-square,45.95,<0.001***,Cramér's V=0.208,4.43 (2.54-7.72)
Breast milk intake on Day 1 (binary),ilkgün_bebeğinannesütüalımı,1064,Chi-square,39.71,<0.001***,Cramér's V=0.193,1.51 (1.13-2.01)
Breast milk present on Day 1,ilk_gün_anne_sütü_1111,1064,Chi-square,38.93,<0.001***,Cramér's V=0.191,1.46 (1.09-1.97)
Baby-Friendly status (binary),bebekdostuoncesonra,1064,Chi-square,32.96,<0.001***,Cramér's V=0.176,0.44 (0.33-0.59)
Baby-Friendly Hospital Initiative,bebek_dostu_20temmuz2018,1064,Chi-square,32.96,<0.001***,Cramér's V=0.176,0.44 (0.33-0.59)
Breast milk intake on Day 3 (cc),aldıgıannesütü3.gun,1064,Kruskal-Wallis,32.79,<0.001***,ε²=0.031,—
Breast milk intake on Day 1 (cc),aldığıannesütü_ilkgün,1064,Kruskal-Wallis,32.27,<0.001***,ε²=0.030,—
Breastfeeding on Day 1,ilk_gün_emzirme_111,1064,Chi-square,29.34,<0.001***,Cramér's V=0.166,1.84 (1.39-2.44)
Breast milk intake on Day 2 (cc),beslenme2.gunannesutucc,1064,Kruskal-Wallis,29.09,<0.001***,ε²=0.027,—
Breast milk volume at discharge (cc),aldığıannesütü_taburculuk,1064,Kruskal-Wallis,27.58,<0.001***,ε²=0.026,—
Breast pump brand,Kullandıgıpompamarkasi,1064,Chi-square,57.36,<0.001***,Cramér's V=0.164,nan (nan-nan)
Lactation support volume (cc),sutdestegivarsakacolcek,1064,Chi-square,37.48,<0.001***,Cramér's V=0.133,nan (nan-nan)
Feeding resilience index,eng_resilience_index,1064,Kruskal-Wallis,15.83,<0.001***,ε²=0.015,—
Breast pump type,Kullandıgpompatipi,1064,Chi-square,19.33,<0.001***,Cramér's V=0.095,nan (nan-nan)
Lactation support present at discharge,taburculukrtasutdestegivarmı,1063,Chi-square,18.94,<0.001***,Cramér's V=0.094,nan (nan-nan)
Lactation support at initiation,baslangictasutdestegi,1064,Chi-square,14.04,<0.001***,Cramér's V=0.115,3.09 (1.66-5.75)
Tube feeding on Day 2,eng_tube_d2,1064,Chi-square,12.81,0.0016**,Cramér's V=0.110,1.73 (1.24-2.42)
Diagnosis (grouped),tanı_gruplu,1064,Chi-square,65.51,0.0019**,Cramér's V=0.175,nan (nan-nan)
Total feeding volume on Day 3 (cc),beslenmetotali3.gun,1064,Kruskal-Wallis,12.06,0.0024**,ε²=0.011,—
Total feeding volume on Day 2 (cc),beslenmetotali2.gün,1064,Kruskal-Wallis,11.27,0.0036**,ε²=0.011,—
Tube feeding on Day 3,eng_tube_d3,1064,Chi-square,11.15,0.0038**,Cramér's V=0.102,1.42 (1.02-1.97)
Birth weight (grouped),dogum_agırlıgı_gruplu,1064,Chi-square,22.44,0.0042**,Cramér's V=0.103,nan (nan-nan)
Lactation support at discharge (servings),varsataburculuktakaçölçek,1064,Chi-square,25.69,0.0042**,Cramér's V=0.110,nan (nan-nan)
Volume change Day 1→2 (cc),eng_delta_vol_d1_d2,1064,Kruskal-Wallis,10.61,0.0050**,ε²=0.010,—
Gestational age category (detailed),VAR00002,994,Chi-square,21.85,0.0052**,Cramér's V=0.105,nan (nan-nan)
Gestational age groups,VAR00004,1064,Chi-square,21.80,0.0053**,Cramér's V=0.101,nan (nan-nan)
Gestational age (grouped),gebelik_haftası_gruplu,1064,Chi-square,21.80,0.0053**,Cramér's V=0.101,nan (nan-nan)
Number of previously breastfed children,emzirdigicocuksayisi,1064,Chi-square,27.77,0.0060**,Cramér's V=0.114,nan (nan-nan)
Day lactation support initiated,kacıncıgundesutdestegibaslandı,262,Kruskal-Wallis,9.72,0.0077**,ε²=0.037,—
Tube feeding on Day 1,eng_tube_d1,1064,Chi-square,9.56,0.0084**,Cramér's V=0.095,1.35 (0.97-1.87)
Maternal education (grouped),anne_egitim_grup,1064,Chi-square,13.55,0.0089**,Cramér's V=0.080,nan (nan-nan)
Breast problem treatment,memesorunuvarsa_tedavidekullanılanlar,1064,Chi-square,19.76,0.0113*,Cramér's V=0.096,nan (nan-nan)
Orogastric tube at discharge,taburculuktaogvarmiyokmu,1063,Chi-square,8.29,0.0158*,Cramér's V=0.088,0.35 (0.11-1.15)
Maternal medical condition (grouped),anne_hastalık_grup,1064,Chi-square,37.89,0.0188*,Cramér's V=0.133,nan (nan-nan)
Extremely low birth weight (<1000g),eng_elbw_flag,1064,Chi-square,7.72,0.0211*,Cramér's V=0.085,0.43 (0.23-0.80)
Pregnancy type,gebeliktipi,1064,Chi-square,11.00,0.0266*,Cramér's V=0.072,nan (nan-nan)
Postnatal discharge date (days),pntaburculuktarihi,1053,Kruskal-Wallis,6.78,0.0338*,ε²=0.006,—
Weight gain per week (g/week),eng_weight_per_week,1064,Kruskal-Wallis,6.49,0.0389*,ε²=0.006,—
