Variable,Variable_Code,type,n,test,statistic,p_value,effect_size,effect_size_name,group_stats,n_categories,or,or_ci_low,or_ci_high,sig,p_formatted
Formula intake at discharge (cc),taburculuktamamamiktari,continuous,1064,Kruskal-Wallis,747.2059340602627,5.575617803055772e-163,0.7029218570651578,ε²,"{1: {'mean': 14.13520749665328, 'sd': 66.56758286530528, 'median': 0.0, 'n': 747}, 2: {'mean': 177.41785714285714, 'sd': 127.38835312351257, 'median': 155.0, 'n': 280}, 3: {'mean': 301.18918918918916, 'sd': 168.97416598039112, 'median': 320.0, 'n': 37}}",,,,,***,<0.001
Breast milk present at discharge,taburculukta_annesutu_111,categorical,1064,Chi-square,742.9648331503652,4.647681484883229e-162,0.835628637090833,Cramér's V,,2.0,158.6,9.666264836008759,2602.241964889734,***,<0.001
Breast milk at discharge (binary),Ataburculuktaannesutu,categorical,1063,Chi-square,717.030540039947,1.9897410150928733e-156,0.8213007030415274,Cramér's V,,2.0,77.87456445993031,10.570736320192712,573.7015479460266,***,<0.001
Feeding route at discharge,taburculuktanasılbeslenmeyolu,categorical,1064,Chi-square,468.4331916723563,1.146205734143962e-92,0.46917840907833797,Cramér's V,,7.0,,,,***,<0.001
Breastfeeding at discharge,emzirme_Taburculuk,categorical,1063,Chi-square,281.62651799825517,7.007750609824673e-62,0.5147189297744557,Cramér's V,,2.0,12.920091631855545,8.787063765795942,18.997104405378483,***,<0.001
Formula intake on Day 3 (cc),aldıgımamamiktari3.gun,continuous,1061,Kruskal-Wallis,230.35739422681675,9.517599172994662e-51,0.21731829644039316,ε²,"{1: {'mean': 37.870161290322585, 'sd': 77.21928553577148, 'median': 0.0, 'n': 744}, 2: {'mean': 130.7682142857143, 'sd': 114.63652278058136, 'median': 121.6, 'n': 280}, 3: {'mean': 190.2, 'sd': 145.19068687610633, 'median': 215.0, 'n': 37}}",,,,,***,<0.001
Formula intake on Day 2 (cc),beslenmemamamiktarı2.guncc,continuous,1064,Kruskal-Wallis,213.14739362690642,5.195550349607774e-47,0.2005149516715959,ε²,"{1: {'mean': 43.23360107095047, 'sd': 74.98253135807562, 'median': 0.0, 'n': 747}, 2: {'mean': 129.38214285714287, 'sd': 116.53954073417094, 'median': 120.0, 'n': 280}, 3: {'mean': 175.17567567567568, 'sd': 135.26497741142796, 'median': 186.0, 'n': 37}}",,,,,***,<0.001
COVID-19 Period,covid19sonrasi,categorical,1064,Chi-square,203.6676902811285,5.944604754018306e-45,0.43751228799191205,Cramér's V,,2.0,0.11990690032858707,0.08759977778068835,0.16412900934983105,***,<0.001
Epoch (COVID × BFHI),ikisiarası,categorical,1064,Chi-square,203.35853267460882,7.124238706814728e-43,0.30913301383357206,Cramér's V,,3.0,,,,***,<0.001
Lactation education status,annesutuemzirmeeğitimidurumu,categorical,1064,Chi-square,169.48871205855676,1.570340400558267e-37,0.39911640195646386,Cramér's V,,2.0,6.25162861836515,4.665348826953004,8.377264344344354,***,<0.001
Formula intake on Day 1 (cc),aldığımamamiktari1.gün,continuous,1064,Kruskal-Wallis,163.94156762274204,2.515016933207234e-36,0.15422536935347322,ε²,"{1: {'mean': 47.967871485943775, 'sd': 75.93086181538025, 'median': 0.0, 'n': 747}, 2: {'mean': 125.2657142857143, 'sd': 108.9460290383067, 'median': 120.0, 'n': 280}, 3: {'mean': 143.56756756756758, 'sd': 134.85455962722304, 'median': 130.0, 'n': 37}}",,,,,***,<0.001
Feeding route on Day 3,verilisyolu3gun,categorical,1061,Chi-square,142.3828926916976,1.3683225886737889e-25,0.2590336685052218,Cramér's V,,6.0,,,,***,<0.001
Feeding route on Day 2,verilisyolu2.gun,categorical,1064,Chi-square,123.34326933733458,1.390505225974431e-19,0.2407531155738631,Cramér's V,,8.0,,,,***,<0.001
Breast milk ratio on Day 1,eng_bm_ratio_d1,continuous,1064,Kruskal-Wallis,85.52521321869546,2.681858857240844e-19,0.08045645646161378,ε²,"{1: {'mean': 0.55399066808108, 'sd': 0.461083952588048, 'median': 0.7575757346189171, 'n': 747}, 2: {'mean': 0.2752113830069058, 'sd': 0.38437164505878224, 'median': 0.04628143363366713, 'n': 280}, 3: {'mean': 0.06356307631701713, 'sd': 0.19478355645152184, 'median': 0.0, 'n': 37}}",,,,,***,<0.001
Breast milk ratio on Day 3,eng_bm_ratio_d3,continuous,1064,Kruskal-Wallis,80.51584978321789,3.282504776333339e-18,0.07574397909992275,ε²,"{1: {'mean': 0.6144636123356755, 'sd': 0.43603661966093693, 'median': 0.9019607807766244, 'n': 747}, 2: {'mean': 0.3546791453473715, 'sd': 0.35337011001028606, 'median': 0.2475490184105015, 'n': 280}, 3: {'mean': 0.18465181542489092, 'sd': 0.37208965268681166, 'median': 0.0, 'n': 37}}",,,,,***,<0.001
Place of birth,dogumyeri,categorical,1064,Chi-square,84.14595584363899,2.3021984107833472e-17,0.19885238867791621,Cramér's V,,3.0,,,,***,<0.001
Initial feeding route on Day 1,beslenmeninilkgunuverilisyolu,categorical,1064,Chi-square,90.34439848125993,4.2345695642211905e-14,0.2060462920663128,Cramér's V,,7.0,,,,***,<0.001
Breast milk ratio on Day 2,eng_bm_ratio_d2,continuous,1064,Kruskal-Wallis,60.55063105351891,7.105547202756443e-14,0.05696202356869136,ε²,"{1: {'mean': 206158.46772383677, 'sd': 4479062.32984833, 'median': 0.434782606805293, 'n': 747}, 2: {'mean': 21428.894785935077, 'sd': 222976.16031494597, 'median': 0.16666666550925924, 'n': 280}, 3: {'mean': 0.09351410928999836, 'sd': 0.22528239256823124, 'median': 0.0, 'n': 37}}",,,,,***,<0.001
Colostrum present,Kolostrumvarligi,categorical,1064,Chi-square,45.946357177818875,1.054084208384785e-10,0.20780439485368557,Cramér's V,,2.0,4.429079816980173,2.541305451368226,7.7191618247305005,***,<0.001
Breast milk intake on Day 1 (binary),ilkgün_bebeğinannesütüalımı,categorical,1064,Chi-square,39.70727542092292,2.3860233896174612e-09,0.1931809200640872,Cramér's V,,2.0,1.5058066541117388,1.1264270326243333,2.0129609942727575,***,<0.001
Breast milk present on Day 1,ilk_gün_anne_sütü_1111,categorical,1064,Chi-square,38.92781046174364,3.5231680747677866e-09,0.19127542452692284,Cramér's V,,2.0,1.463977873848715,1.088699310190972,1.9686163066849502,***,<0.001
Baby-Friendly status (binary),bebekdostuoncesonra,categorical,1064,Chi-square,32.95911872485127,6.966558762363367e-08,0.17600174812457214,Cramér's V,,2.0,0.4382992534891269,0.32737213601298076,0.5868130316427072,***,<0.001
Baby-Friendly Hospital Initiative,bebek_dostu_20temmuz2018,categorical,1064,Chi-square,32.95911872485127,6.966558762363367e-08,0.17600174812457214,Cramér's V,,2.0,0.4382992534891269,0.32737213601298076,0.5868130316427072,***,<0.001
Breast milk intake on Day 3 (cc),aldıgıannesütü3.gun,continuous,1064,Kruskal-Wallis,32.78862013045996,7.58650247880754e-08,0.030845362305230443,ε²,"{1: {'mean': 105.44846050870147, 'sd': 134.08056862079252, 'median': 45.0, 'n': 747}, 2: {'mean': 81.81785714285714, 'sd': 110.7979482800199, 'median': 40.0, 'n': 280}, 3: {'mean': 27.35135135135135, 'sd': 76.39343202433346, 'median': 0.0, 'n': 37}}",,,,,***,<0.001
Breast milk intake on Day 1 (cc),aldığıannesütü_ilkgün,continuous,1064,Kruskal-Wallis,32.271979807188316,9.822648987903585e-08,0.030359341304974898,ε²,"{1: {'mean': 42.7904953145917, 'sd': 95.44878097124356, 'median': 5.0, 'n': 747}, 2: {'mean': 31.491785714285715, 'sd': 67.67273586604499, 'median': 3.0, 'n': 280}, 3: {'mean': 7.1891891891891895, 'sd': 23.394963652981474, 'median': 0.0, 'n': 37}}",,,,,***,<0.001
Breastfeeding on Day 1,ilk_gün_emzirme_111,categorical,1064,Chi-square,29.342936941526258,4.248760019273866e-07,0.16606609603803588,Cramér's V,,2.0,1.8416666666666666,1.3923381266785273,2.4360003120809592,***,<0.001
Breast milk intake on Day 2 (cc),beslenme2.gunannesutucc,continuous,1064,Kruskal-Wallis,29.08663982269238,4.829658395587788e-07,0.027362784405166866,ε²,"{1: {'mean': 78.94243641231593, 'sd': 121.32614258691771, 'median': 22.0, 'n': 747}, 2: {'mean': 61.417857142857144, 'sd': 95.26199697191055, 'median': 19.5, 'n': 280}, 3: {'mean': 18.81081081081081, 'sd': 50.77446746689271, 'median': 0.0, 'n': 37}}",,,,,***,<0.001
Breast milk volume at discharge (cc),aldığıannesütü_taburculuk,continuous,1064,Kruskal-Wallis,27.57707412540183,1.0273405730113058e-06,0.025942684972156002,ε²,"{1: {'mean': 220.2777108433735, 'sd': 197.87217314554937, 'median': 240.0, 'n': 747}, 2: {'mean': 186.45, 'sd': 142.20991728243402, 'median': 166.5, 'n': 280}, 3: {'mean': 66.94594594594595, 'sd': 147.98572490201474, 'median': 0.0, 'n': 37}}",,,,,***,<0.001
Breast pump brand,Kullandıgıpompamarkasi,categorical,1064,Chi-square,57.35718757662377,1.449688311838894e-06,0.16417541104111386,Cramér's V,,9.0,,,,***,<0.001
Lactation support volume (cc),sutdestegivarsakacolcek,categorical,1064,Chi-square,37.48258190916859,4.6682797972811416e-05,0.13271772774602475,Cramér's V,,6.0,,,,***,<0.001
Feeding resilience index,eng_resilience_index,continuous,1064,Kruskal-Wallis,15.825849979858202,0.0003659825182934866,0.01488791155207733,ε²,"{1: {'mean': 0.06917720368274335, 'sd': 0.061014968550661276, 'median': 0.07665505223809929, 'n': 747}, 2: {'mean': 0.08750686030978586, 'sd': 0.0862006856700423, 'median': 0.08564402806634028, 'n': 280}, 3: {'mean': 0.11067116245642049, 'sd': 0.08884512465255816, 'median': 0.08119402982650925, 'n': 37}}",,,,,***,<0.001
Breast pump type,Kullandıgpompatipi,categorical,1064,Chi-square,19.328761634172874,0.0006772490198038623,0.09530511359687274,Cramér's V,,3.0,,,,***,<0.001
Lactation support present at discharge,taburculukrtasutdestegivarmı,categorical,1063,Chi-square,18.93897727329774,0.0008079394391688353,0.09438362022781516,Cramér's V,,3.0,,,,***,<0.001
Lactation support at initiation,baslangictasutdestegi,categorical,1064,Chi-square,14.036321734339216,0.000895470869226512,0.11485657014383649,Cramér's V,,2.0,3.0912162162162162,1.6608809457948313,5.753342959103647,***,<0.001
Tube feeding on Day 2,eng_tube_d2,categorical,1064,Chi-square,12.81426089506219,0.0016497517655133203,0.10974278238149826,Cramér's V,,2.0,1.7324729448141427,1.2391365129173608,2.4222210169939187,**,0.0016
Diagnosis (grouped),tanı_gruplu,categorical,1064,Chi-square,65.51303264811293,0.001893017444234219,0.17545996566933622,Cramér's V,,19.0,,,,**,0.0019
Total feeding volume on Day 3 (cc),beslenmetotali3.gun,continuous,1064,Kruskal-Wallis,12.061251908225852,0.0024039887209302427,0.011346427006797603,ε²,"{1: {'mean': 185.49317269076303, 'sd': 166.38119726054, 'median': 176.0, 'n': 747}, 2: {'mean': 223.54607142857142, 'sd': 159.55160529288355, 'median': 224.0, 'n': 280}, 3: {'mean': 220.4635135135135, 'sd': 139.2128339832418, 'median': 222.0, 'n': 37}}",,,,,**,0.0024
Total feeding volume on Day 2 (cc),beslenmetotali2.gün,continuous,1064,Kruskal-Wallis,11.2715712928906,0.0035678730450371347,0.010603547782587583,ε²,"{1: {'mean': 176.1488621151272, 'sd': 163.29868755119278, 'median': 160.0, 'n': 747}, 2: {'mean': 205.7503571428571, 'sd': 147.96403351803352, 'median': 198.0, 'n': 280}, 3: {'mean': 198.23243243243243, 'sd': 133.89475770597272, 'median': 208.0, 'n': 37}}",,,,,**,0.0036
Tube feeding on Day 3,eng_tube_d3,categorical,1064,Chi-square,11.150975690874063,0.0037896263791855314,0.1023730448456617,Cramér's V,,2.0,1.417624521072797,1.0187312415970269,1.9727080123668426,**,0.0038
Birth weight (grouped),dogum_agırlıgı_gruplu,categorical,1064,Chi-square,22.437687225326954,0.00416642703821089,0.10268410759095775,Cramér's V,,5.0,,,,**,0.0042
Lactation support at discharge (servings),varsataburculuktakaçölçek,categorical,1064,Chi-square,25.69245512991272,0.004176593846479887,0.10987958021177263,Cramér's V,,6.0,,,,**,0.0042
Volume change Day 1→2 (cc),eng_delta_vol_d1_d2,continuous,1064,Kruskal-Wallis,10.612146371844116,0.00496137089693984,0.009983204489034916,ε²,"{1: {'mean': 85.39049531459169, 'sd': 139.23138719044937, 'median': 40.0, 'n': 747}, 2: {'mean': 48.99285714285715, 'sd': 105.63191807997953, 'median': 29.5, 'n': 280}, 3: {'mean': 47.475675675675674, 'sd': 68.15514330231109, 'median': 24.0, 'n': 37}}",,,,,**,0.0050
Gestational age category (detailed),VAR00002,categorical,994,Chi-square,21.8509972036795,0.00519950275744858,0.10484010342208304,Cramér's V,,5.0,,,,**,0.0052
Gestational age groups,VAR00004,categorical,1064,Chi-square,21.798227437252695,0.00530368783226182,0.10121031533909872,Cramér's V,,5.0,,,,**,0.0053
Gestational age (grouped),gebelik_haftası_gruplu,categorical,1064,Chi-square,21.798227437252695,0.00530368783226182,0.10121031533909872,Cramér's V,,5.0,,,,**,0.0053
Number of previously breastfed children,emzirdigicocuksayisi,categorical,1064,Chi-square,27.770016192968818,0.005976813684610717,0.11423580716900028,Cramér's V,,7.0,,,,**,0.0060
Day lactation support initiated,kacıncıgundesutdestegibaslandı,continuous,262,Kruskal-Wallis,9.723800623369367,0.0077357695413898106,0.03725594108570639,ε²,"{1: {'mean': 10.295652173913043, 'sd': 18.105693530464364, 'median': 0.0, 'n': 230}, 2: {'mean': 22.291666666666668, 'sd': 24.324757770216543, 'median': 19.5, 'n': 24}, 3: {'mean': 23.125, 'sd': 42.81334071124493, 'median': 7.0, 'n': 8}}",,,,,**,0.0077
Tube feeding on Day 1,eng_tube_d1,categorical,1064,Chi-square,9.557478883274515,0.00840658928765951,0.09477654211569643,Cramér's V,,2.0,1.3498532863849766,0.9729610713446124,1.872740799635705,**,0.0084
Maternal education (grouped),anne_egitim_grup,categorical,1064,Chi-square,13.54941195168026,0.00888109574305728,0.07979476714992907,Cramér's V,,3.0,,,,**,0.0089
Breast problem treatment,memesorunuvarsa_tedavidekullanılanlar,categorical,1064,Chi-square,19.757681346987756,0.011292748468262644,0.09635675738179104,Cramér's V,,5.0,,,,*,0.0113
Orogastric tube at discharge,taburculuktaogvarmiyokmu,categorical,1063,Chi-square,8.29355874416247,0.015815269650314913,0.08832910507607038,Cramér's V,,2.0,0.3497525865946919,0.105958113092292,1.1544832977832278,*,0.0158
Maternal medical condition (grouped),anne_hastalık_grup,categorical,1064,Chi-square,37.89143343829715,0.018842345846265787,0.13343959208586442,Cramér's V,,12.0,,,,*,0.0188
Extremely low birth weight (<1000g),eng_elbw_flag,categorical,1064,Chi-square,7.715741220895118,0.02111290929935134,0.08515654106293703,Cramér's V,,2.0,0.42954545454545456,0.22944216635720205,0.8041647289601157,*,0.0211
Pregnancy type,gebeliktipi,categorical,1064,Chi-square,10.999290646384724,0.026571987663603722,0.07189464228624068,Cramér's V,,3.0,,,,*,0.0266
Postnatal discharge date (days),pntaburculuktarihi,continuous,1053,Kruskal-Wallis,6.775158859833828,0.03379036994640078,0.00644026507588767,ε²,"{1: {'mean': 9002.078590785908, 'sd': 244063.6572143876, 'median': 8.5, 'n': 738}, 2: {'mean': 24.230215827338128, 'sd': 67.54298714588091, 'median': 9.0, 'n': 278}, 3: {'mean': 41.5945945945946, 'sd': 54.90115332701706, 'median': 23.0, 'n': 37}}",,,,,*,0.0338
Weight gain per week (g/week),eng_weight_per_week,continuous,1064,Kruskal-Wallis,6.492638974778944,0.03891717973616504,0.006107844755201265,ε²,"{1: {'mean': 71.99756817307778, 'sd': 18.827852997154668, 'median': 73.5294096020762, 'n': 747}, 2: {'mean': 72.91581348906156, 'sd': 20.03547343535092, 'median': 74.7796453090105, 'n': 280}, 3: {'mean': 63.5923266762221, 'sd': 22.74747094216717, 'median': 68.05555366512351, 'n': 37}}",,,,,*,0.0389
Very preterm (<32 weeks),eng_very_preterm,categorical,1064,Chi-square,5.911223014364562,0.05204682383616954,0.07453630476342547,Cramér's V,,2.0,0.9450292397660819,0.6470620142234078,1.380208147567923,,0.0520
Gestational age category,gebelik_34,categorical,1064,Chi-square,5.411605856297715,0.06681665333092146,0.07131686847866439,Cramér's V,,2.0,1.1081972016702073,0.8131096537243108,1.5103756697077322,,0.0668
Number of living children,yasayancocuksayisi,categorical,1064,Chi-square,19.271918983384516,0.08217416336049188,0.09516487222565796,Cramér's V,,7.0,,,,,0.0822
Birth weight (g),dogumagirligi(gram),continuous,1064,Kruskal-Wallis,4.396785645840287,0.1109813818388098,0.0041362047467923685,ε²,"{1: {'mean': 2601.1686746987953, 'sd': 823.9025821104667, 'median': 2670.0, 'n': 747}, 2: {'mean': 2634.875, 'sd': 861.7833444120936, 'median': 2720.0, 'n': 280}, 3: {'mean': 2284.054054054054, 'sd': 1022.5504862827053, 'median': 2450.0, 'n': 37}}",,,,,,0.1110
Type of lactation support at discharge,taburculuktadestekcesidi,categorical,256,Chi-square,12.928870682732168,0.1143204926357121,0.1589078366607867,Cramér's V,,5.0,,,,,0.1143
Lactation momentum score,eng_lactation_momentum,continuous,1064,Kruskal-Wallis,4.168842757471216,0.12437906772200823,0.003921771173538303,ε²,"{1: {'mean': 0.06047294425459553, 'sd': 0.4940661215389113, 'median': 7.499997578541695e-08, 'n': 747}, 2: {'mean': 0.07946776234046571, 'sd': 0.37168831672563757, 'median': 0.02558797905490342, 'n': 280}, 3: {'mean': 0.12108873910787381, 'sd': 0.41922243212291477, 'median': 0.0, 'n': 37}}",,,,,,0.1244
Clinical severity score,eng_severity_score,categorical,1064,Chi-square,7.075283746180613,0.13196290650780199,0.05766152429899309,Cramér's V,,3.0,,,,,0.1320
Maternal age,anneyasi,continuous,1064,Kruskal-Wallis,4.011063267207968,0.1345887247836283,0.0037733426784646923,ε²,"{1: {'mean': 29.933065595716197, 'sd': 5.181770128239126, 'median': 29.0, 'n': 747}, 2: {'mean': 30.45357142857143, 'sd': 5.105832081978404, 'median': 30.0, 'n': 280}, 3: {'mean': 31.486486486486488, 'sd': 6.081034367521613, 'median': 31.0, 'n': 37}}",,,,,,0.1346
Days in follow-up,takiptekacgun,continuous,1064,Kruskal-Wallis,3.8256892637715256,0.14765975096650427,0.00359895509291771,ε²,"{1: {'mean': 15.595716198125837, 'sd': 21.3540907889026, 'median': 7.0, 'n': 747}, 2: {'mean': 17.15714285714286, 'sd': 28.34952641088478, 'median': 7.0, 'n': 280}, 3: {'mean': 21.864864864864863, 'sd': 32.49030809518617, 'median': 8.0, 'n': 37}}",,,,,,0.1477
Pregnancy type (grouped),gebelik_tipi_gruplu,categorical,1064,Chi-square,3.7757390905535484,0.15139400357383692,0.059570353069341185,Cramér's V,,2.0,0.8940938511326861,0.6369835940949627,1.2549833654178875,,0.1514
taburculukta_kilo_gram,taburculukta_kilo_gram,continuous,1064,Kruskal-Wallis,3.6980846749544027,0.15738781858049838,0.0034789131467115736,ε²,"{1: {'mean': 2799.1271753681394, 'sd': 676.92258509937, 'median': 2760.0, 'n': 747}, 2: {'mean': 2845.8571428571427, 'sd': 700.3082892189675, 'median': 2790.0, 'n': 280}, 3: {'mean': 2591.0810810810813, 'sd': 727.7334821354732, 'median': 2555.0, 'n': 37}}",,,,,,0.1574
Maternal healthcare professional,eng_mat_healthcare_pro,categorical,1064,Chi-square,3.640505837879471,0.16198477673453873,0.05849382910290455,Cramér's V,,2.0,1.4903489959056346,0.9177430764472105,2.4202199794254677,,0.1620
Maternal education level,anneegitim,categorical,1064,Chi-square,15.428871374748677,0.21881616107208107,0.08514933634864678,Cramér's V,,7.0,,,,,0.2188
Neurological barrier to feeding,eng_neuro_barrier,categorical,1064,Chi-square,2.804916122134302,0.24599155791258398,0.05134393209433982,Cramér's V,,2.0,1.5141843971631206,0.7861688135152729,2.9163639528772807,,0.2460
Maternal age risk category,eng_mat_age_risk,categorical,1064,Chi-square,2.703670062476718,0.25876498287751043,0.05040876205384761,Cramér's V,,2.0,0.8888027896164278,0.6302138968667548,1.2534956825888057,,0.2588
Weight on Day 3 (g),kilo3.gun,continuous,1064,Kruskal-Wallis,2.5795883514934594,0.2753274463242628,0.002426705880991025,ε²,"{1: {'mean': 2523.7911646586344, 'sd': 824.5663214852582, 'median': 2600.0, 'n': 747}, 2: {'mean': 2574.6392857142855, 'sd': 825.5564313783578, 'median': 2697.5, 'n': 280}, 3: {'mean': 2354.189189189189, 'sd': 897.7506718286368, 'median': 2420.0, 'n': 37}}",,,,,,0.2753
Galactagogue used,eng_galactagogue,categorical,1064,Chi-square,2.5764285556092803,0.27576277939046695,0.04920828598322866,Cramér's V,,2.0,1.2378713510720745,0.9063396171496305,1.6906747237024138,,0.2758
Galactagogue use,galaktokogkullanımı,categorical,1064,Chi-square,2.5764285556092803,0.27576277939046695,0.04920828598322866,Cramér's V,,2.0,1.2378713510720745,0.9063396171496305,1.6906747237024138,,0.2758
Postnatal day of breastfeeding initiation,Postnatalgunemzirme,continuous,1064,Kruskal-Wallis,2.4959302516620085,0.28708839164021094,0.0023480058811495845,ε²,"{1: {'mean': 11.846050870147256, 'sd': 61.04473918450799, 'median': 5.0, 'n': 747}, 2: {'mean': 13.596428571428572, 'sd': 61.88628131626725, 'median': 4.0, 'n': 280}, 3: {'mean': 22.43243243243243, 'sd': 37.17940031533333, 'median': 5.0, 'n': 37}}",,,,,,0.2871
Weight on Day 1 (g),kilo1.gun,continuous,1064,Kruskal-Wallis,2.456090517335659,0.2928644928545453,0.002310527297587638,ε²,"{1: {'mean': 2581.91030789826, 'sd': 1397.3088655236845, 'median': 2625.0, 'n': 747}, 2: {'mean': 2593.15, 'sd': 823.3997311174606, 'median': 2700.0, 'n': 280}, 3: {'mean': 2369.7297297297296, 'sd': 930.3344275835152, 'median': 2425.0, 'n': 37}}",,,,,,0.2929
Breastfeeding duration of previous child (months),bironcekibebegikacayemzirdi,continuous,1064,Kruskal-Wallis,2.3957920088287303,0.30182859033516296,0.002253802454213293,ε²,"{1: {'mean': 6.022757697456493, 'sd': 9.796187987545158, 'median': 0.0, 'n': 747}, 2: {'mean': 4.696857142857143, 'sd': 7.982975531139582, 'median': 0.0, 'n': 280}, 3: {'mean': 5.72972972972973, 'sd': 8.112571344143223, 'median': 0.0, 'n': 37}}",,,,,,0.3018
Weight on first follow-up day (g),takipilkgün_kilo_gram,continuous,1064,Kruskal-Wallis,2.31792897426766,0.31381096798786673,0.0021805540679846287,ε²,"{1: {'mean': 2565.093708165997, 'sd': 837.4015931465193, 'median': 2625.0, 'n': 747}, 2: {'mean': 2606.65, 'sd': 817.5536366168991, 'median': 2747.5, 'n': 280}, 3: {'mean': 2380.2162162162163, 'sd': 933.3555394719973, 'median': 2435.0, 'n': 37}}",,,,,,0.3138
Maternal occupation,annemeslegi,categorical,1064,Chi-square,17.81989188097385,0.3345487286858371,0.09150961338877407,Cramér's V,,9.0,,,,,0.3345
Postnatal admission date (days),pntakibegirdigitarih,continuous,1054,Kruskal-Wallis,2.149301520950738,0.3414169707829801,0.0020411220521849363,ε²,"{1: {'mean': 3.1732070365358593, 'sd': 61.19356898809244, 'median': 1.0, 'n': 739}, 2: {'mean': 9.183453237410072, 'sd': 63.10685579778112, 'median': 1.0, 'n': 278}, 3: {'mean': 5.405405405405405, 'sd': 67.53659890897818, 'median': 1.0, 'n': 37}}",,,,,,0.3414
Weight on Day 2 (g),kilo2.gun,continuous,1064,Kruskal-Wallis,2.111688149996197,0.3478986507859313,0.0019865363593567233,ε²,"{1: {'mean': 2529.6385542168673, 'sd': 824.884380889817, 'median': 2600.0, 'n': 747}, 2: {'mean': 2560.782142857143, 'sd': 834.3453418703594, 'median': 2667.5, 'n': 280}, 3: {'mean': 2347.837837837838, 'sd': 897.2020865357392, 'median': 2410.0, 'n': 37}}",,,,,,0.3479
Delivery method,dogumsekli,categorical,1064,Chi-square,1.9485765678824634,0.37746090297256024,0.04279449678144085,Cramér's V,,2.0,0.9146199292615937,0.6831858633387609,1.2244539295856094,,0.3775
Maternal occupation (grouped),anne_meslek_grup,categorical,1064,Chi-square,4.210724178312311,0.3782379569421072,0.04448284802037641,Cramér's V,,3.0,,,,,0.3782
Gestational age (weeks),gebelikhaftası,continuous,1064,Kruskal-Wallis,1.9269977565387728,0.3815555313617098,0.0018127918688041137,ε²,"{1: {'mean': 35.53815261044177, 'sd': 4.0079784121861435, 'median': 36.0, 'n': 747}, 2: {'mean': 35.42142857142857, 'sd': 3.451804072783812, 'median': 36.0, 'n': 280}, 3: {'mean': 34.54054054054054, 'sd': 5.102257640793242, 'median': 36.0, 'n': 37}}",,,,,,0.3816
cinsiyeti,cinsiyeti,categorical,1064,Chi-square,1.8190150520893604,0.40272250555059186,0.04134731687626103,Cramér's V,,2.0,1.143852534562212,0.8776349807874476,1.4908232345643868,,0.4027
Days of orogastric tube use,kacgunogkullandi,continuous,1062,Kruskal-Wallis,1.6971600458757332,0.42802228245795115,0.0015995853401279294,ε²,"{1: {'mean': 6.888739946380697, 'sd': 17.622124799154697, 'median': 0.0, 'n': 746}, 2: {'mean': 6.663082437275985, 'sd': 18.45881374446606, 'median': 0.0, 'n': 279}, 3: {'mean': 8.567567567567568, 'sd': 15.100663231462054, 'median': 0.0, 'n': 37}}",,,,,,0.4280
Volume change Day 2→3 (cc),eng_delta_vol_d2_d3,continuous,1064,Kruskal-Wallis,1.6517014372834244,0.4378623363226475,0.0015538113238790447,ε²,"{1: {'mean': 9.344310575635879, 'sd': 122.21269291722682, 'median': 24.0, 'n': 747}, 2: {'mean': 17.795714285714283, 'sd': 97.3213098306749, 'median': 24.0, 'n': 280}, 3: {'mean': 22.231081081081083, 'sd': 73.1177487870605, 'median': 17.59999999999999, 'n': 37}}",,,,,,0.4379
Breast pump utilized,eng_pump_used,categorical,1064,Chi-square,1.5361786365201735,0.4638985846267223,0.03799706454481345,Cramér's V,,2.0,0.9804896447675217,0.7514059305918146,1.279414899931871,,0.4639
sayı,sayı,continuous,557,Kruskal-Wallis,1.305488281784387,0.5206151733837636,0.0023480005068064512,ε²,"{1: {'mean': 229.47489539748955, 'sd': 158.58444303868018, 'median': 223.5, 'n': 478}, 2: {'mean': 242.71428571428572, 'sd': 166.2061878944642, 'median': 224.0, 'n': 70}, 3: {'mean': 284.44444444444446, 'sd': 189.6991770614142, 'median': 362.0, 'n': 9}}",,,,,,0.5206
Gestational day within week,gebelikhaftagunu,categorical,1064,Chi-square,10.974920385148167,0.531069234333782,0.07181495247534313,Cramér's V,,7.0,,,,,0.5311
Maternal age (grouped),anne_yaşı_grup,categorical,1064,Chi-square,2.9872040627663896,0.5599690485237122,0.03746680274177359,Cramér's V,,3.0,,,,,0.5600
Breast problem experienced,memesorunuyaşamadurumu,categorical,1064,Chi-square,0.8998337910486501,0.6376811435768932,0.02908106686890448,Cramér's V,,2.0,0.8902993261244319,0.5000431844479942,1.5851288743643566,,0.6377
Total feeding volume at discharge (cc),beslenmetotalitaburculuk,continuous,1064,Kruskal-Wallis,0.6405843743892086,0.7259368966175554,0.0006026193550227739,ε²,"{1: {'mean': 411.47349397590364, 'sd': 268.89302015319305, 'median': 374.0, 'n': 747}, 2: {'mean': 406.8598214285714, 'sd': 200.77762115306086, 'median': 380.0, 'n': 280}, 3: {'mean': 384.3783783783784, 'sd': 124.14739254239323, 'median': 400.0, 'n': 37}}",,,,,,0.7259
Successful weaning from tube,eng_weaning_success,categorical,1064,Chi-square,0.3944960628040775,0.820986977506098,0.01925531034077669,Cramér's V,,2.0,1.0492018779342722,0.5673216858801631,1.9403886860995716,,0.8210
Day of admission to follow-up,takibegirdigigun,continuous,1064,Kruskal-Wallis,0.24671431809830813,0.8839478961846652,0.00023209249115551094,ε²,"{1: {'mean': 2.50334672021419, 'sd': 7.970180822925747, 'median': 0.0, 'n': 747}, 2: {'mean': 3.1678571428571427, 'sd': 11.265628048183574, 'median': 0.0, 'n': 280}, 3: {'mean': 9.27027027027027, 'sd': 23.423218121068402, 'median': 0.0, 'n': 37}}",,,,,,0.8839
exitus,exitus,categorical,1064,Chi-square,0.0,1.0,,Cramér's V,,1.0,,,,,1.0000
